-0.11,0.02,-0.36,-0.11,0.48,-0.2,0.27,0.0413373091542976,-0.34,-0.05,0.23,0.08,-0.45,0.25
-0.3,-0.37,-0.18,-0.09,-0.16,-0.16,-0.1,-0.09,0.46,0.32,0.02,0.31,0.4,-0.07
0.5,0.18,0.41,-0.0865014921930087,-0.0932457877507226,0.15,-0.25,-0.41,-0.07,-0.13,-0.0370728445732142,-0.01,-0.28,-0.09
0,-0.11,0.0462605341723247,0.19,0,0.0038473601386248,0.18,0.18,-0.23,-0.16,0.03,-0.12,-0.11,0.23
0.4,-0.16,0.31,-0.34,0.02,0.21,-0.7,0.11,0.08,0.05,-0.09,0.07,0.04,-0.01
0.39,-0.18,-0.09,-0.04,-0.25,-0.69,-0.64,-0.38,0.41,0.33,-0.62,0.23,0.92,0.61
0.5,-0.24,-0.16,-0.0124667043675134,0.04,0.0470902512043565,-0.11,0.0543143344651964,-0.04,-0.01,-0.0538688640239,-0.15,0.05,-0.11
-0.52,-0.48,-0.73,-0.222776925712228,-0.4,-0.01,-0.34,0.55,0.287083021610477,0.37,-0.29,0.63,0.87,0.28
-0.87,-0.17,0.1,-0.139387185165248,0.109674403654899,0.52,-0.28,0.0601220065709181,0.09,-0.01,0.08,-0.15,-0.16,-0.16
-1.39,-0.57,-0.16,-0.02,0.3,0.41,0.03,0.5,0.48,0.51,-0.11,0.14,-0.06,-0.05
-0.248511285144592,-0.58,0.19,0.02,0.228793952749323,0.11,0.02,0.23112548424782,0.13,0.13,-0.22,0.02,-0.3,-0.12
-0.47,-0.63,0,-0.29,0.13,0.43,0.33,0.242854668829237,0.28,0.31,-0.08,0.237772257606628,-0.13,-0.23
-0.64,-0.04,-0.07,-0.09,-0.06,-0.0491123386681526,-0.0669356549312033,-0.03,0.09,0.33,0.33,-0.09,0.0818644976923154,-0.07
-0.36,-0.53,0.23,0.81,0.22,-0.06,0.11078746266774,-0.22,0.14,0.2,-0.16,-0.1,0.03,-0.04
0.597043033933662,0.17,0.12,-0.01,-0.58,-0.48,-0.41,0.08,0,-0.35,-0.2,0.2,0.15,0.37
0.42,-0.23,-0.1,-0.103919587537138,-0.1,-0.110953815049889,-0.01,-0.08455469387089,-0.07,-0.19,0.02,0.5,0,0.19
0.47,0.29,0.03,0.06,-0.12,-0.04,-0.04,-0.0487793342554412,-0.27,-0.21,-0.0643207284346658,-0.25,-0.01,0.09
-0.0903902085772708,-0.44,-0.02,0.51,0.7,0.115867804657339,0.26,0.41,-0.02,-0.05,0.04,-0.34,-0.38,0.07
0.11,-0.0674662315610984,0.05,0.11,0.52,0.32,0.43,-0.12,-0.12,-0.25,0.01,-0.35,-0.161023646220476,0.07
0.4,-0.54,-0.24,-0.33,-0.24,-0.07,-0.01,0.13,0.24,0.06,-0.24,0.195896309156819,0.46,0.22
-0.5,-0.186687430854473,0.24,0.75,0.66,0.53,0.44,-0.05,-0.138610776829757,-0.03,-0.06,-0.55,-0.6,-0.48
0.24,-0.09,0.9,0.0409783370264403,-0.04,0.01,0.13,-0.04,-0.21,-0.03,0.04,-0.0585623903678167,-0.23711849445381,-0.02
0.24,-0.07,-0.15,0.24,0.04,0,0.23,0.08,-0.14,-0.18,-0.05,-0.23,-0.03,0.03
0.41,-0.18,0.24,0.1,0.11032314353326,0.23,-0.010639134114054,-0.24,0.05,-0.168945347168183,-0.22,-0.12,-0.51,-0.2
0.1,-0.0834467242801146,-0.0423538413056045,-0.27,0.39,0.59,-0.29,0.13,-0.1,0.03,-0.07,-0.24,0.09,-0.13
-0.24,-0.11,-0.05,-0.06,0.38,0.05,0.41,0.125628451769561,0.06,0.24,-0.0666749807157149,-0.3,-0.39,-0.15
0.01,-0.31,-0.16,0.12,-0.02,-0.0995660012660008,-0.26,-0.05,0,0.11,0.19,0.01,-0.06,0.04
0.81,-0.0352626382939955,0.07,-0.25,-0.51,-0.45,-0.53,-0.07,0.13,0.094567408873023,-0.0331688198433533,0.35,0.15,0.52
0.13,0.02,0.04,0.07,0.37,0.02,0.132964365166853,-0.02,0.1,-0.16,-0.21,-0.21,-0.06,-0.11
-0.36,0.14,-0.14,0.00653044762619147,0.69,0.5,-0.04,-0.12,-0.14,-0.02,0.2,-0.02,-1.34,0.2
0.23,0.03,0.0183631287240573,0.11,0.19,0.039043752490952,0.141745883573886,0.12,-0.16,-0.1,-0.02,-0.21,-0.15,-0.0327723479669554
0.58,0.33,0.01,-0.29,-0.0142326726850901,-0.17,0.17,-0.0299761438774621,0.01,-0.15,0.0357136615166657,0.13,-0.17,-0.1
0.62,0.08,-0.23,0.07,0.0524824764066328,0.0272679124815789,0.04,-0.01,0.25,-0.08,0.065889679990001,0.3,-0.64,-0.13
0.12,-0.15,0.044362250505695,0.09,0.27,0.35,0.07,-0.03,-0.0914609318847439,-0.08,-0.0678368969535817,-0.27,-0.15,-0.0684964352422752
-0.41,0.54,0.36,0.01,-0.2,0.05,-0.158898300694067,0.15,-0.11,0.01,-0.31,-0.12,-0.04,0.16
0.72,-0.21,0.14,-0.08,-0.32,-0.21,-0.13,0.03,0.14,-0.01,-0.26,0.02,-0.24,0.42
-0.04,-0.0556598990880497,-0.04,-0.18,0.11,0.13,0.12,0.15,0.05,-0.01,-0.01,-0.0743927064397547,-0.05,0.01
0.38,-0.25,-0.00638724804412308,0.23,-0.09,0.87,-0.05,-0.25,0.05,-0.130194064215679,-0.48,-0.3,-0.01,-0.35
0.83,0.1,-0.0188522312812981,-0.04,-0.18,0.0258944100336592,-0.2,0.21,0.1,-0.24,-0.18,-0.06,-0.26,0.07
0.101099318782473,-0.29,-0.15,-0.102264388856113,0.23,-0.05,0.12231522330409,0.15,0.13,-0.175506214566066,0.13,-0.03,0.0103176919939977,-0.01
-0.15,0.16,0,-0.07,-0.08,-0.04,-0.44,-0.07,0,0.37,-0.05,0.13,-0.02,0.27
-0.15,-0.12,-0.01,-0.25,-0.21,-0.39,-0.05,0.08,0.23,0.1,-0.05,0.3,0.186785813809101,0.08
0.04,0.05,-0.01,0.24,0.35,-0.14,0.165619013049267,0.081753511589464,-0.05,-0.17,-0.00969573538082591,-0.14,-0.118740789111869,-0.03
0.08,0.3,0.3,-0.9,-0.02,0,-0.236072943493393,-0.17,0,0.15,0.11,-0.06,0.07,-0.11
1.86,0.52,-1.49,0.53,-0.96,-0.65,-0.156029421020198,-0.0639963175568048,-0.2,-0.44,-0.28,0.45,0.57,0.34
0.15,-0.02,0.04,0.0546207606035317,0.159676549899172,0.07,0.13,0.1,-0.15,-0.32,0.06,-0.2,-0.51,-0.18
0.368520451057274,0.11,0.37,-0.00495115013350746,0.14,0.16,0.06,-0.53,-0.0728886219746077,-0.154414560948289,-0.0371664756618186,-0.57,-0.32,0.17
-0.2,-0.26,-0.32,-0.179587016124819,-0.17,-0.28,0.14,0.3,0,0.11,0.17,0.08,0.02,0.18
-0.74,-0.25,-0.147694778254597,-0.23,0.01,-0.13945265235363,-0.17,0.42,0.22,0.51,-0.12,0.219804583995687,0.16,0.47
-0.27,-0.14,0.34,0.41,0.16,0.05,-0.0467743999055182,-0.08,0.28,0.24,0.03,0.07,-1.17,0.123476181614963
-0.21,-0.06,0.0261732313799438,0.35,0.2,0.15,0.24,-0.09,-0.48,-0.129763633251601,0.13,-0.43,-0.06,-0.04
-0.19,-0.03,-0.43,-0.31,0.03,0.19,-0.11,0.19,0.14,0.16,0.0336158475055187,0.22,-0.17,0.12
-0.15,0.29,-0.03,0.04,-0.01,0.02,-0.01,-0.11,-0.01,-0.04,0.00186078477413546,0.04,0.01,0.13
0.23,-0.02,0.01,-0.32,0.22,0.01,0.29,0.09,-0.19,-0.23,0.00249788611148755,-0.15,-0.21,0.01
-0.77,-0.45,-0.04,0.14,0.55,0.37,0.36,0.16,-0.19,0.14,0.03,-0.14,-0.120683407606703,0.37
-0.88,-0.53,-0.22,0.15,0.53,0.15,0.15,0.32,0.27,0.12,-0.41,0.14,0.11,0.11
0.35,-0.14,0.0319943917816765,-0.12,-0.24,-0.162444906320954,-0.31,0.06,0.19,0.06,-0.121132466956644,0.38,0.29,0.11
0.289058805435906,-0.37,0.1,-0.07,-0.23,-0.00568573538606609,-0.07,0.05,0.05,-0.08,-0.04,-0.25,-0.045378641058119,0.17
1.81,0.87,0.05,0.35,-1.13,-0.0923411780428437,0.74,-0.52,-0.66,-1.13,-0.0459199004869265,0.51,0.37,0.34
0.6,0.09,-0.04,0.03,-0.21,-0.49,-0.18,-0.31,-0.01,0.14,0.08,0.18,-0.14,0.27
-0.94,-0.213172079195407,0.08,0.69,0.65,0.32,0.06,-0.34,-0.05,0.1,-0.46,-0.25,-0.07,-0.0387485867189536
0,-0.14,-0.29,0.00159540506929402,0.35,0.06,0.31,0.15,-0.06,-0.43,0.24,-0.01,-0.31,0.0107507123872545
0.36,-0.01,-0.03,-0.1,0.26,0.0494089616910182,-0.17,-0.15,0.04,-0.2,0.06,-0.15,-0.15,-0.03
0.42,0.07,0.48,0.36,0.12,-0.07,0.02,-0.04,-0.38,-0.53,-0.1,-0.0539662171004728,-0.13,0
0.1,0.3,-0.121509494536968,-0.45,-0.51,-0.29,0,0.075398902966664,0.121574291286703,-0.17,0.0171169505363991,0.100713008872016,0.14,0.37
0.36905330453658,0.54,0.15,-0.27,-0.06,-0.27,-0.15,-0.06,-0.0451049082351531,-0.37,0.07,-0.17,-0.106935149658957,-0.05
0.64,-0.09,0.05,-0.25,-0.17,-0.02,-0.07,-0.1,0.00813296060139565,-0.04,0,0,0.03,0.22
0.97,0.33,-0.07,0.43,-0.124551473866454,-0.4,-0.24,-0.04,-0.0671264394481601,-0.0349428886526148,-0.28,-0.06,-0.0544643267008658,0.183492264512928
0.24,-0.14,0.22,0.24,0.17,-0.18,-0.14,-0.35,-0.01,-0.09,-0.06,0.04,-0.0688545443035367,0.17
0.91,0.02,0.0596752402201308,0.11,-0.18,-0.12,-0.42,-0.19,-0.08,-0.14,0.03,0.19,-0.04,-0.18
0,-0.32,0.08,0.32,0.19,0.0150726150341673,0.08,0,-0.2,0.05,0.1,-0.07,-0.12,-0.07
-0.14,0.1,-0.32,-0.25,-0.31,0.02,0.17,0.14,0.05,0.07,0.17,-0.06,0.18,0.18
-0.52,-0.1,-0.236930440653775,-0.14,-0.0528471724269468,-0.09,0.28,0.175421560735003,0.19,0.07,0.0020906769778161,-0.09,0.139935331592748,0.16
0.38,-0.07,0.05,0.32,0.41,-0.15,0.01,0.16,-0.07,-0.154159426967662,-0.13,-0.19,-0.35,-0.17
0.404510410568587,0.15,0.17,-0.2,-0.43,-0.47,-0.13,0.09,0.01,0.01,-0.0781486355756431,-0.13,0.05,0.54
0.87,0.51,0.05,0.06,-0.2,-0.18,-0.24,-0.23,-0.15,-0.07,-0.0583152310653924,-0.4,-0.01,0.03
0.17,-0.43,-0.03,0.05,0.03,0.45,0.07,0.19,-0.12,0.07,-0.0559468093171004,-0.143807928603725,-0.0434817847405888,-0.14
0.33,-0.08,-0.14,-0.0784439988220552,0.0521950117212551,0.06,0.39,0.08,-0.0357319563676652,-0.268622880372547,0.33,0.37,-0.22,-0.1
-0.35,-0.3,0.07,-0.155997398106236,0.01,-0.51,-0.284272679828839,0.0882606508195051,0.14,0.21,-0.19,0.24,0.29,0.14
0.07,-0.65,0.07,0.0216979789544811,0.14,0.3,0.07,0.01,-0.0445038846936663,0.05,0.33,-0.1,-0.41,0.23
0.0389419211765389,-0.09,0.23,0.17,0.35,0.4,0.26,0.19,-0.0965524633257973,0.05,-0.0432065511101794,-0.48,-0.67,0.46
0.31,0,0.31,-0.16,0.1,-0.5,-0.1,-0.2,0.31,-0.1,0.14,0.247034581581598,0.39,-0.1
0.1,-0.07,0.25,-0.13,0.29,0.18,0.18,-0.13,-0.07,-0.23,0.41,-0.69,-0.136316266262573,-0.11
-0.38,-0.07,-0.129205297567217,-0.28,0.02,0.15,0.26,-0.06,0.0148824918542548,0.02,0.0369615987196914,-0.11,-0.03,0.24
0.44,0.24,-0.06,-0.32,-0.0708210826806487,-0.08,-0.09,-0.08,0.08,-0.14,0.19,0.09,-0.17,0.08
0.31,0,-0.08,0.17,0.09,-0.17,0.11,-0.0259523693426515,0.22,0.06,-0.11,0.03,-0.29,0.14755772731021
0.02,-0.3,0.02,-0.02,0.33,0.06,0.23,0.16,0.23,-0.28,-0.02,-0.13,-0.16,-0.13
0.48,-0.04,-0.05,0.39,0.055557771745257,-0.17,0.02,-0.09,-0.15,-0.15,0.08,-0.15,-0.07,0.0258608358498717
-0.52,-0.05,-0.01,0.0156347239297106,0.49,0.3,0.105617959771625,0.16,-0.05,-0.166210947027401,0.05,-0.12,-0.42,-0.44
0.09,0.42,0.08,0.42,0,-0.29,0.08,-0.08,-0.127471672360928,0.02,0.27,-0.27,-0.39,-0.06
0.65,0.21,0.21,0.12,0.05,-0.19,0.0632215330661583,-0.11,-0.11,-0.3,-0.11,-0.37,-0.07,-0.01
-0.46,-0.26,-0.3,0.12,0.12,0.03,0.13,0.05,0.04,0.22,-0.03,0.22,0.16,0.175747776542642
0.29,0.36,0.0400377462030932,-0.21,-0.040256718527448,0.16,0.064570394637705,-0.16,-0.21,-0.25,0.28,-0.29,-0.41,-0.12
1.47,0.3,0.2,-0.24,-0.22,0.02,-0.06,-0.37,-0.04,-0.32,0.0148472423834956,-0.04,-0.29,-0.48
0.59,0.22,0.01,-0.33,-0.18,-0.29,-0.06,0.0308199801022989,0.28,-0.12,-0.21,0.275427348429552,0.126629431723609,-0.18
-0.21,-0.52,-0.3,0.08,-0.03,-0.36,-0.2,0.23,0.17,0.43,0.04,0.13,0.1,0.45
-0.11,-0.6,0.63,0.06,0.13,0.29,0.2,0.120598040256445,-0.05,0.11,0.04,-0.104422635527883,-0.43,0.01
-0.16,-0.01,-0.07,-0.05,-0.018209016056972,0.07,0.23,0.047268718665059,-0.27,0.12,0.07,0.04,-0.16,0.18
0.36,0.43,0,-0.35,-0.02,-0.25,0.16,0.07,-0.53,-0.14,0.13,-0.08,0.13,0.0440744317013494
0.58,-0.04,0.02,0.51,0.117868604882222,0.12,-0.25,-0.08,-0.02,-0.29,0.21,-0.75,-0.22,0.11
-0.27,-0.08,-0.21,0.06,-0.06,0.0566450723234864,0,0.15,-0.0282020808979817,0.03,0.1,-0.0991147299217488,-0.15,0.06
0.35,-0.068137215424656,-0.12,0.0531956027805727,0.46,0.15,0.34,0.0845853287742245,-0.05,-0.26,-0.05,-0.32,-0.45,-0.24
0.64,-0.0178866023007225,0.11,-0.01,0.27,0.02,0.127616198192567,0.01,-0.09,-0.17,0.07,-0.26,-0.79,0.08
0.254608766766335,0.02,-0.23,0.04,-0.23,-0.08,-0.04,0.09,-0.12,-0.160205404847295,0.0791605555709094,0.02,0.0408920305653091,0.0756932853841544
0,-0.84,-0.49,-0.42,-0.49,-0.68,-0.03,0.39,0.55,0.56,0.0208017035636785,0.57,0.13,0.29
1.25,-0.47,0.09,0.39,0.120658478065181,0.09,1.09,0.121194810021636,-0.16,-0.39,-0.2,-0.146620989523247,-0.86,-0.33
-0.73,-0.83,-0.31,0.12,0.7,0.82,0.51,0.27,0.12,0.146192269357375,0.127875927246091,-0.29,-0.73,-0.18
0.08,-0.06,0.04,0.14,0.0551639395706084,-0.22,-0.06,0.19,0.02,-0.22,0.1,0.1,-0.22,-0.06
-0.27,-0.05,-0.123720488054726,-0.158166256985422,0,-0.11,-0.13,-0.03,0.22,0.19,-0.0232276308578701,0.139702565233699,-0.03,0.28
-0.14,-0.09,-0.33,-0.27,0.29,-0.01,0.11,0.18,0.120416673477254,0.08,0.24,0.01,-0.14,0.11
0.294036618755902,-0.18,-0.16,-0.18,0.05,-0.43,-0.22,-0.28,0.26,0.26,-0.26,0.34,0.3,0.14
0.71,0.1,0.04,0.11,-0.14,-0.19,-0.1,-0.27,-0.18,-0.21,-0.27,0.1,0.14,0.15
-1,0.34,0.24,-0.2,-0.25,-0.09,-0.133699916398995,0.41,0.19,0.119321749081349,0.08,0.21,-0.02,0.13
-0.06,-0.18,-0.28,-0.41,-0.3,-0.19,-0.54,0,0.22,0.14,0.37,0.37,0.28,0.6
1.43,-0.12,0.13,0.13,0.04,0.01,0.16,-0.06,-0.31,-0.37,-0.0658204976615673,-0.6,-0.21,-0.03
0.85,0.05,0.0589291961275286,0.23,-0.12,-0.12,-0.03,-0.01,-0.33,-0.35,-0.16,-0.12,-0.37,0.14
-0.27,-0.18,-0.06,-0.02,0.151209661403862,0.13,0.19,0.04,0.0131911858667808,-0.243850044855674,0.02,0.06,-0.14,-0.1
0.1,-0.3,0.64,0.28,0.19,-0.02,0.06,0.21,-0.17,-0.04,-0.27,-0.25,-0.36,-0.06
-0.07,0.06,-0.22,-0.0475212758558609,-0.16,-0.25,0.08,0.0266437989999788,0,-0.08,-0.31,0.06,0.0756590870725985,0.18
-0.21,1.23,0.37,0.16,0.31,0.19,-0.01,-0.26,-0.136758144449156,0.16,-0.13,-0.11,-0.98,-0.49
1.27,1.67,0.45,-0.67,-0.7,-0.73,-0.57,-0.45,0.04,-0.057573826754316,-0.12,0.23,-0.09,-0.26
-1.28,-0.21,-0.252811907823224,0.22,0.10127630652914,0.23,0.35,0.08,0.01,0.0450187538321408,-0.18,0.135633313380596,0.16,0.3
1.07,0.21,0.32,0.47,-0.07,-0.03,-0.14,-0.25,-0.52,-0.52,-0.0705019493485154,-0.04,-0.37,-0.12
0.69,0.03,-0.09,-0.32,-0.74,-1.08,-0.62,-0.05,0.46,0.07,-0.18,0.344916562818538,0.76,0.36
-0.9,-0.56,-0.22,-0.14,-0.32,-0.024430031318863,-0.010739030309975,0.41,0.27,0.45,0.03,0.21,0.34,0.28
0.08,-0.24,-0.04,-0.108368144865019,-0.03,0.06,0.11,0.45,0.13,0.22,-0.06,-0.08583715259897,-0.49,-0.03
0.28,0.0494811204299769,0.16,0.16,-0.15,0,-0.22,-0.132690330827292,-0.22,0,-0.13,0.05,-0.05,0.06
-0.49,-0.46,0.01,-0.7,0.13,0.05,0.56,0.49,0.33,0.1,0.3,0.0985777750148948,-0.28,-0.26
0.08,0.01,0.35,0.22,0.04,-0.0558445569454785,-0.2,0.01,-0.18,0.2,-0.15,-0.03,-0.44,0.1
0.56,0.05,-0.02,-0.307602976907365,-0.09,-0.67,-0.41,-0.049719263963742,0.27,-0.04,-0.37,0.46,0.36,0.01
1.87,0.91,0.81,0.45,-0.46,-1.07,-0.79,-0.6,-0.07,-0.48,-0.155149920611123,-0.09,0.37,0.03
1.97,0.09,0,-0.220251002147757,-0.84,-0.68,-0.53,0,-0.02,-0.0561637289918422,-0.32,0.29,0.33,0.29
0.19,-0.32,-0.14,-0.0868577069840436,0.26,0.25,-0.1,0.11,-0.03,-0.16,0.29,0.0196539229060836,-0.27,0.08
0.115800903873338,-0.28,-0.35,-0.0487040604941898,0.1,-0.09,0.1,0.19,-0.09,0.14,0.14,-0.09,-0.33,0.16
-0.39,-0.35,0.65,-0.3,-0.17,-0.24,-0.415701985403778,0.1,0.31,0.3,-0.09,0.08,0.101287860316658,0.31
-0.39,-0.46,-0.3,0.03,-0.04,0.04,0.15,-0.08,0.46,0.29,-0.26,0.46,-0.08,0.17
0.25,0.02,0.14,-0.19,0.02,-0.27,-0.25,-0.05,0.110953954631415,0.02,-0.09,0.1,0.22,-0.13
-0.4,0.52,-0.31,-0.08,0.03,0.05,-0.05,-0.12,0.14,-0.011373840972547,0.15,0.03,-0.14,0.29
0.57,-0.24,0.0320260163454013,-0.12,0.1,0.15,-0.01,-0.08,0.12,-0.24,-0.12,-0.16,-0.14,0.21
0.66,-0.133629197773803,0.129410228930164,0.14,-0.34,-0.34,-1.04,0.17,0.2,-0.21,-0.37,0.15,0.38,0.23
0.22,0.03,0.09,-0.17,0.1,0.07,0.04,-0.09,0.03,-0.31,-0.04,0.1,-0.24,0.17
1.45,-0.53,-0.02,-0.51,-0.4,-0.49,-0.6,0.03,0.19,-0.05,-0.32,0.42,0.182000119131281,0.48
0.57,0.06,0.0606521151354567,-0.2,-0.08,-0.2,-0.46,-0.06,0.18,0.0732619737210613,-0.16,0.09,0.04,0.140325840386988
0.58,-0.00785032932212716,-0.47,-0.02,-0.05,-0.0666619726995108,0.02,-0.23,-0.07,-0.17,1.59,-0.17,-0.0729764782395688,-0.13
0.662802007733527,-0.15,-0.04,-0.38,-0.25,-0.91,-0.49,0.01,0.31,-0.06,-0.25,0.316699694173465,0.44,0.46
0.43,-0.0783618425730232,0.11,-0.11,-0.32,-0.21,-0.14,-0.13,0.23,0.06,-0.24,0.34,0.32,-0.18
0.06,0.3,0.01,0.0162556711715538,-0.11,-0.16,-0.02,0.06,-0.09,0.09,-0.25,-0.14,-0.03,0.112826302632257
0.353290639108924,-0.312169337251234,-0.37,0.25,-0.6,-0.58,-0.16288861078689,0.29,0.32,0.05,-0.32,0.17,0.0896484534113423,0.31
-0.28,-0.142696471039191,-0.137125355002269,-0.02,-0.0307833530661891,0.04,-0.18,0.29,-0.1,-0.18,-0.1,-0.17,0.28,0.14
0.38609169259508,0.8,-0.36,-0.2,-0.2,-0.46,-0.29,-0.154860699391662,0.0428062101555894,-0.04,0.01,0.33,-0.08,0.5
-0.39,0.25,0.05,-0.47,-0.47,-0.47,-0.35,-0.0237112972206132,0.168506192874188,0.183541606197345,0.18,0.32,0.22,0.262690990668863
0.9,0.19,0.37,-0.08447404031937,-0.48,-0.48,-0.21,-0.16,-0.16,-0.35,-0.24,0.16,0.3,0.139401799353924
0.12,-0.02,0.12,-0.11,-0.05,-0.07,-0.05,-0.04,0,-0.17,0.13,0.1,-0.05,0.1
0.37,-0.42,-0.0282677076118202,-0.27,-0.05,0.0172071506747439,0.22,0.12,0.19,-0.08,0.16,0.0340215376319676,-0.29,-0.03
0.44,0.27,0.0515627457792751,-0.43,-0.0997420279404957,0.01,0.22,-0.1,-0.2,-0.26,0.05,0,0.2,0.0236106740510578
0.31,0.31,0.0418892970851432,-0.08,-0.0325791007244022,-0.03,-0.13,-0.29,-0.33,-0.33,0.02,-0.29,-0.123106838821241,-0.08
0.142120319197462,-0.1,-0.1,-0.43,0.18,0.3,-0.01,0.0614045323800753,0.08,-0.177412941882489,0.32,-0.48,-0.31,0.0135106897685378
0.19,-0.01,0.24,0.22,0.34,0.06,0.31,-0.19,-0.06,-0.166718138689347,0.16,-0.48,-0.21,-0.19
-1.04,-0.72,-0.28,-0.17,0.45,0.73,0.6,0.36,0.18,0.22,0.28,-0.17,-0.6,0.15
0.67,0.02,-0.13,-0.22,-0.14,-0.2,-0.26,-0.42,0.12243682375642,0.05,-0.2,0.47,0.19,0.10128115113821
0.93,-0.16,-0.08,-0.25,-0.23,-0.1,-0.05,0.01,-0.07,-0.37,0.28,0.26,-0.16,0
1.15,0.37,0.46,0.16,-0.58,-0.53,-0.27,-0.126296395429083,0,-0.38,-0.14,0.05,-0.16,0.12
0.322679917107693,0.00227148339080873,0.51,-0.15,0.32,0.34,0.26,-0.13,-0.2,-0.24,0.32,-0.34,-0.59,-0.17
0.177964331511137,0.1,0.3,0.07,0.0884381927775985,-0.2,-0.13,0.1,0.02,-0.2,-0.09,-0.2,-0.01,0.04
0.67,0.05,0.00781216828047156,-0.1,0.14,-0.1,-0.14,-0.16,-0.16,-0.02,-0.12,-0.00782402282463739,-0.2,0.07
-0.77,-0.29,-0.31,-0.0947837032495383,-0.0413843520817345,-0.17,-0.0673477129187021,0.170348406408964,0.37,0.42,-0.12,0.04,-0.08,0.4
0.62,0.01,-0.08,-0.29,-0.1,-0.41,-0.46,-0.02,0.28,0.16,-0.36,0.36,0.34,-0.04
0.38,0.08,0.04,-0.01,0.1,-0.38,0.21,-0.03,0.05,0.1,0.0299704464784032,0.08,-0.38,-0.01
-0.91,-0.11,-0.06,0.23,0.233300880609036,0.193794209305852,0.31,0.37,0.17,0.14,-0.06,0.0664624912044765,-0.0177046753184879,-0.37
0.84,-0.35,-0.1,-0.37,-0.48,-0.46,-0.13,0.43,0.38,-0.12,-0.13,0.26,0.22,0
-0.02,0.0201653241622256,0,0.1,0.08,-0.31,-0.15,-0.04,0.16,-0.06,-0.24,0.21,0.12,0.19
0.244833376265946,0.04,0.1,-0.18,-1.1,-0.51,-0.106246819154259,0.51,0.46,0.29,-0.02,0.223943455037183,0.16,0.36
0.09,0.0307510422433292,-0.15,-0.102998773426698,-0.07,-0.09,0.04,0.058695107230447,0.0145496207098029,0.18,0.23,-0.4,-0.13,0.21
0.24,-0.18,-0.28,-0.294314173139112,-0.89,-0.6,-0.47,0.18,0.17,0.11,-0.04,0.47,0.79,0.6
0.27,-0.29,-0.25,0.38,0.08,0.0942841757267794,-0.11,0.24,0.24,0.21,0.06,-0.79,-0.31,-0.06
-0.33,0.44,-0.08,-0.108931417983577,-0.16,-0.02,-0.23,0.15,-0.13,0.21,0.15,0.07,-0.37,0.39
0.179511828983548,-0.06,0.22,0.01,0.36,0.21,0.12,0.14,0.07,-0.1,-0.2,-0.1,-0.13,-0.49
-0.36,-0.83,-0.51,-0.06,0.08,0.31,0.06,-0.12,0.51,0.49,0.17,0.28,-0.05,0.138941558542132
0.177036900608358,-0.05,-0.3,-0.09,-0.0342007243351521,-0.0315781517270606,-0.05,0.15,0.24,-0.148375841256807,0.0999038335995715,0.0523661698841737,-0.26,0.01
0.03,0.05,0.03,-0.05,0.19,-0.3,-0.05,-0.05,-0.00880127287421326,-0.01,-0.07,-0.0780794754843041,-0.13,-0.09
-0.75,-0.32,-0.16,0.22,0.16,0.017473788891057,-0.02,0.3,0.09,0.0210846002441761,-0.18,0.02,0.1,0.19
-0.4,0.35,0.02,0.34,-0.3,-0.15,-0.114310585021417,0.12,-0.01,0.2,-0.26,0.04,-0.07,0.12
0.358062525975479,-0.06,0.07,0.61,0.28,0.09,0.01,-0.27,0.4,0.01,-0.27,-0.41,-0.132844387676692,0.0663449865138678
0.61,-0.0910359250303096,0.17,0.53,0.01,-0.1,0.152919874799576,0.0727471798076028,-0.01,-0.140139475043111,-0.08,-0.49,-0.1,-0.07
0.08,-0.5,-0.26,-0.38,-0.5,-0.14,-0.07,0.28,0.48,0.1,0.1,0.43,0.1,0.28
0.1,0.25,0.16,-0.04,0.1,-0.06,0.28,-0.06,-0.09,-0.59,0.13,0.05,-0.25,0.0666828622091479
-0.21,-0.365917422241636,-0.266957470977338,-0.6,-0.23878251878824,-0.04,-0.06,0.42,0.62,0.46,0,0.43,0.23,0.02
-0.62,0.24,0.44,0.02,-0.36,-0.22,-0.38,-0.00105165052675953,0.02,0.12,0.34,0.128623872416193,-0.01,0.08
0.33,-0.0878784779108531,-0.15,-0.08,-0.15,-0.08,0.06,0.19,-0.01,-0.01,-0.1,0.12,0.18,0.13
0.35,0.01,0.11,0.32,0.03,0.0193252845607662,0.09,-0.03,-0.31,-0.35,0.18,-0.0915525027189461,-0.01,-0.27
-0.79,-0.54,0.05,0.104326530743583,0.68,0.51,0.54,0.29,-0.25,-0.17,0,-0.07,-0.5,-0.29
-0.54,-0.08,-0.11,0.74,0.26,0.0464292669926629,0.39,0.02,0.07,0.09,-0.28,-0.11,-0.26,-0.0390281792949854
0.24,-0.21,-0.0104260808256673,-0.29,0.25,0.08,0.13,-0.13,0.18,0.02,0.1,-0.09,-0.23,0.05
1.94,0.67,0.71,-0.245577409915361,-0.99,-0.95,-0.95,-0.32,0.35,-0.49,-0.78,0.41,0.33,0.06
0.36,-0.28,-0.02,0.37,0.26,-0.02,0.31,0.12,-0.41,-0.11,-0.08,-0.08,-0.32,-0.1
0.88,-0.125805743346031,0.53,0.54,-0.97,-1.21,-0.95,-0.54,0.39,-0.65,-1.18,0.56,1.51,0.87
-0.0559906227385281,-0.11,-0.2,-0.41,-0.11,-0.15,-0.09,0.03,0.3,0.36,0.16,0.3,0.2,-0.01
-0.05,-0.19,-0.33,-0.44,-0.15,-0.23,-0.01,0.28,0.33,0.28,0.07,0.16,0.13,0.15
0.277684779841776,-0.02,-0.09,0.49,0.121383914920328,-0.02,0.05,0.0640103432284646,-0.15,-0.53,0.16,-0.56,0.41,-0.34
-0.37,-0.3,0.61,-0.06,-0.25,-0.32,-0.5,0.17,0.06,0.37,0,0.21,0.2,0.17
1.11,-0.13,-0.00653976232046893,0.12,0.15,-0.22,-0.02,-0.0583445276199088,-0.2,-0.4,-0.06,-0.01,-0.0282823911947273,0.0898895478812897
-0.06,0.06,-0.56,0.02,-0.146766102954787,0.08,-0.05,0.02,-0.01,0.26,0.24,0.18,-0.16,0.209729416709577
0.08,0.06,0.05,-0.0821843396874068,-0.0669912918382584,-0.0857899037701988,0.0333235157648726,-0.0344453437583731,-0.03,-0.08,0.14,-0.05,-0.02,0.38
-0.43,0.17,-0.91,0.38,-0.16,-0.01,0,0.31,0.19,0.33,-0.22,0.3,-0.16,0.210060919170284
-1.07,-0.39,-0.48,-0.27,-0.13,0.48,0.28,0.45,0.16,0.19,0.17,0.48,0.04,0.1
0.261325815691636,-0.09,0.29,-0.01,-0.18,-0.23,-0.302344998532622,0.03,-0.06,0.15,-0.15,-0.04,-0.21,0.24
-0.03,-0.27,-0.12,0.32,0.41,0.0202042469082709,0.13,-0.1,-0.38,-0.03,0.25,0.04,-0.25,0.19
-0.64,-0.02,-0.2,0.14,0.18,-0.01,-0.152010267964805,0.0340373927460157,0.06,0.42,-0.04,0.14879739604095,0.109689974771705,0.14
0.227370856626188,-0.17,-0.06,0.62,0.17319107335001,0.76,0.28,0.08,-0.01,-0.146729645484616,-0.38,-0.64,-0.33,-0.29
-0.101332690384496,-0.43,-0.47,0.03,0.0341698479814758,0.26,-0.14,0.03,0.19,0.13,-0.106714028273705,-0.16,0.07,0.06
-0.29,-0.0358672719914174,-0.0141890747127052,0.29,0.0472609294678233,-0.01,-0.00229429985779593,-0.09,-0.05,-0.094898965117892,-0.07,-0.07,-0.01,0.0957057194428728
0.537758604093004,0.16,-0.063775121839264,-0.4,-0.03,-0.29,-0.11,-0.01,0.03,-0.09,-0.34,0.12,0.32,0.02
0.32,-0.036042430814504,-0.21,0.21,0.62,0.17,-0.21,-0.15,-0.4,-0.33,0.21,-0.01,-0.165785154796032,-0.00160578412145809
-0.728377724725454,-0.22,-0.67,0.21,0.35,0.34,0.24,0.56,0.18,0.19,-0.09,-0.09,-0.17,-0.03
0.32,-0.280551993310628,-0.35,-0.303464864637607,-1.07,-1,-0.73,0.120646625345862,0.54,0.42,0.4,0.66,0.173289917648886,0.14
1.13,0.1,-0.13,-0.51,-0.13,-0.36,-0.43,-0.22,0.25,-0.22,-0.24,0.52,0.17,0.05
0.798944488275104,0,-0.07,-0.35,-0.26,-0.39,-0.53,-0.01,0.09,-0.17,-0.45,0.328107816941905,0.5,0.11
0.88,-0.00100197490416458,-0.18,-0.18,0.03,-0.201687715823636,0.01,-0.28,0.05,-0.01,-0.00353915884112366,0.11,-0.18,0.18
0.38,-0.29,0.0225038862175357,0.13,0.0865850593566688,0.19,-0.0075851208575686,-0.14,0.02,0.01,0.13,-0.05,-0.070877466704062,-0.12
0.207919470858709,-0.17,-0.33,-0.0349525378362455,0.13,-0.1,-0.01,-0.08,-0.06,-0.06,-0.06,-0.01,0.04,-0.12
0.38,0.26,-0.09,-0.03,0.14,0.18,0.07,0.03,-0.14,-0.06,-0.01,-0.33,-0.27,-0.15
0.14,-0.0311642841548825,-0.00853567158803599,0.28,-0.4,-0.57,-0.34,0.03,0.23,-0.42,-0.0613136156881359,0.47,0.44,0.31
1.06,0.11,0.47,-0.43,-0.55,0.19,0.14,0.12,-0.17,-0.38,-0.03,0.02,-0.31,-0.23
-0.79,0.21,0.2,0.25,0.03,0.37,0.06,0.27,-0.13,0.12,-0.03,-0.13,-0.51,-0.0235271021032657
0.387167019932682,0.17,0.01,0.32,0.18,-0.52,-0.25,-0.06,-0.18,-0.102326600112397,0.02,-0.09,-0.33,-0.24
-0.95,-0.390425645480637,0.08,0.13,0.3,0.277577290741378,-0.07,0.33,0.26,0.22,0.11,-0.07,-0.32,-0.28
0.26,0.17,-0.08,0.29,0.17,0.0726404017783402,0.07,0,-0.14,-0.05,-0.16,-0.25,-0.19,-0.37
0.4,-0.193973672705683,-0.47,-0.4,-0.54,-0.54,-0.4,0.05,0.333728730294333,0.29,-0.27,0.78,0.32,0.36
0.1,1.34,-0.01,-0.0795984114539246,-0.19,0.15,0.00236279828646371,0.04,-0.1,-0.0956052951444176,-0.0092432449901843,-0.0954672921948699,-0.27,-0.19
0.23968784217016,-0.19,-0.32,0.15,0.15,-0.14,0.29,-0.14,-0.105006031510162,-0.14,-0.16,-0.23,-0.5,0.13
0.64,-0.00910639854023979,0.3,0.2,0.1,0.1,0.19,-0.28,-0.43,-0.43,0.09,-0.13,-0.124471439922587,0.03
-1.06,-0.27,-0.1,-0.07,-0.33,-0.51,-0.34,0.51,0.276208575605948,0.36,0.11,0.51,0.51,0.41
0.19,-0.27,-0.43,-0.12,-0.07,0.21,-0.01,0.24,0.04,0.01,-0.16,-0.09,0.34,0.11
0.38,0.1,0.22,0.08,0.13,0.3,-0.12,0.06,-0.16,-0.16362471365116,-0.0296048108379132,-0.1,-0.38,-0.08
-0.06,-0.06,0.12,0.34,0.07,-0.06,-0.12,0.08,-0.07,0.04,-0.0422128812355562,-0.16,-0.16,0.14
0.12,-0.18,-0.08,-0.18,0.1,0.08,0.15,0.15,0.05,-0.31,0.01,0.01,0.03,0.03
-0.03,0.36,-0.04,0.41,0.15,0.04,-0.41,-0.0186957116644674,-0.45,-0.01,0.06,-0.08,-0.26,0.07
-0.45,-0.31,-0.26,-0.74,-0.06,-0.152988065920699,-0.37,0.38,0.35,0.45,0.13,0.27,0.31,0.250933971860823
0.148339750077845,-0.162871327067274,0.0846400114930617,0.36,1.09,0.41,0.15,0.01,-0.22,-0.01,-0.09,-0.55,-0.55,-0.0696405604227475
1.31,0.05,-0.17,0.23,-0.25,-0.76,-0.265030770639754,-0.22,0.36,-0.17,-0.46,-0.06,0.21,-0.01
0.34,0.03,-0.00215890165071551,-0.03,0.33,-0.23,-0.08,0.2,-0.0268965434642516,0.08,-0.12,-0.14,0.12,-0.3
-0.03,-0.364023893624057,-0.22,-0.144707945094206,-0.03,-0.31,0.01,0.22,0.46,0.24,-0.42,0.21,-0.26,0.1
